Timestamp,Node,Batch_Folder,Primary_Assigned_Acc,Final_Uploaded_Acc,Status,Files_Count
2026-05-05 19:23:41,17,Batch--2026-05-05-Tuesday_07-04-55-PM,tt_acc_0,tt_acc_0,SUCCESS,20
2026-05-05 19:21:32,13,Batch--2026-05-05-Tuesday_07-04-55-PM,tt_acc_0,tt_acc_0,SUCCESS,18
2026-05-05 19:21:01,16,Batch--2026-05-05-Tuesday_07-04-55-PM,tt_acc_0,tt_acc_0,SUCCESS,18
2026-05-05 19:48:16,12,Batch--2026-05-05-Tuesday_07-04-55-PM,tt_acc_0,tt_acc_0,SUCCESS,19
2026-05-05 19:55:20,14,Batch--2026-05-05-Tuesday_07-04-55-PM,tt_acc_0,tt_acc_0,SUCCESS,20
2026-05-05 19:21:38,19,Batch--2026-05-05-Tuesday_07-04-55-PM,tt_acc_0,tt_acc_0,SUCCESS,19
2026-05-05 19:19:10,0,Batch--2026-05-05-Tuesday_07-04-55-PM,tt_acc_0,tt_acc_0,SUCCESS,19
2026-05-05 19:17:37,5,Batch--2026-05-05-Tuesday_07-04-55-PM,tt_acc_5,tt_acc_5,SUCCESS,20
2026-05-05 19:15:04,6,Batch--2026-05-05-Tuesday_07-04-55-PM,tt_acc_6,tt_acc_6,SUCCESS,19
2026-05-05 19:13:47,9,Batch--2026-05-05-Tuesday_07-04-55-PM,tt_acc_9,tt_acc_9,SUCCESS,20
2026-05-05 19:26:58,7,Batch--2026-05-05-Tuesday_07-04-55-PM,tt_acc_7,tt_acc_7,SUCCESS,20
2026-05-05 19:15:33,8,Batch--2026-05-05-Tuesday_07-04-55-PM,tt_acc_8,tt_acc_8,SUCCESS,20
2026-05-05 19:24:46,1,Batch--2026-05-05-Tuesday_07-04-55-PM,tt_acc_1,tt_acc_1,SUCCESS,20
2026-05-05 19:18:43,10,Batch--2026-05-05-Tuesday_07-04-55-PM,tt_acc_0,tt_acc_0,SUCCESS,18
2026-05-05 19:17:42,18,Batch--2026-05-05-Tuesday_07-04-55-PM,tt_acc_0,tt_acc_0,SUCCESS,19
2026-05-05 19:19:55,11,Batch--2026-05-05-Tuesday_07-04-55-PM,tt_acc_0,tt_acc_0,SUCCESS,19
2026-05-05 19:22:32,4,Batch--2026-05-05-Tuesday_07-04-55-PM,tt_acc_4,tt_acc_4,SUCCESS,19
2026-05-05 19:11:02,2,Batch--2026-05-05-Tuesday_07-04-55-PM,tt_acc_2,tt_acc_2,SUCCESS,20
2026-05-05 19:23:50,15,Batch--2026-05-05-Tuesday_07-04-55-PM,tt_acc_0,tt_acc_0,SUCCESS,19
2026-05-05 19:16:48,3,Batch--2026-05-05-Tuesday_07-04-55-PM,tt_acc_3,tt_acc_3,SUCCESS,20
2026-05-05 23:16:21,17,Batch--2026-05-05-Tuesday_10-59-31-PM,tt_acc_0,tt_acc_0,SUCCESS,20
2026-05-05 23:35:03,13,Batch--2026-05-05-Tuesday_10-59-31-PM,tt_acc_0,tt_acc_0,SUCCESS,20
2026-05-05 23:46:15,16,Batch--2026-05-05-Tuesday_10-59-31-PM,tt_acc_0,tt_acc_0,SUCCESS,20
2026-05-06 00:15:46,12,Batch--2026-05-05-Tuesday_10-59-31-PM,tt_acc_0,tt_acc_0,SUCCESS,19
2026-05-06 00:06:30,14,Batch--2026-05-05-Tuesday_10-59-31-PM,tt_acc_0,tt_acc_0,SUCCESS,20
2026-05-06 00:22:36,19,Batch--2026-05-05-Tuesday_10-59-31-PM,tt_acc_0,tt_acc_0,SUCCESS,19
2026-05-05 23:17:28,0,Batch--2026-05-05-Tuesday_10-59-31-PM,tt_acc_0,tt_acc_0,SUCCESS,20
2026-05-05 23:19:35,5,Batch--2026-05-05-Tuesday_10-59-31-PM,tt_acc_5,tt_acc_5,SUCCESS,20
2026-05-05 23:55:13,6,Batch--2026-05-05-Tuesday_10-59-31-PM,tt_acc_6,tt_acc_6,SUCCESS,19
2026-05-05 23:20:10,9,Batch--2026-05-05-Tuesday_10-59-31-PM,tt_acc_9,tt_acc_9,SUCCESS,20
2026-05-06 00:14:30,7,Batch--2026-05-05-Tuesday_10-59-31-PM,tt_acc_7,tt_acc_7,SUCCESS,20
2026-05-05 23:31:18,8,Batch--2026-05-05-Tuesday_10-59-31-PM,tt_acc_8,tt_acc_8,SUCCESS,20
2026-05-05 23:46:55,1,Batch--2026-05-05-Tuesday_10-59-31-PM,tt_acc_1,tt_acc_1,SUCCESS,20
2026-05-05 23:59:01,10,Batch--2026-05-05-Tuesday_10-59-31-PM,tt_acc_0,tt_acc_0,SUCCESS,20
2026-05-06 00:26:22,18,Batch--2026-05-05-Tuesday_10-59-31-PM,tt_acc_0,tt_acc_0,SUCCESS,20
2026-05-06 00:22:22,11,Batch--2026-05-05-Tuesday_10-59-31-PM,tt_acc_0,tt_acc_0,SUCCESS,20
2026-05-05 23:17:58,4,Batch--2026-05-05-Tuesday_10-59-31-PM,tt_acc_4,tt_acc_4,SUCCESS,19
2026-05-05 23:18:15,2,Batch--2026-05-05-Tuesday_10-59-31-PM,tt_acc_2,tt_acc_2,SUCCESS,20
2026-05-06 00:41:21,15,Batch--2026-05-05-Tuesday_10-59-31-PM,tt_acc_0,tt_acc_0,SUCCESS,19
2026-05-05 23:46:35,3,Batch--2026-05-05-Tuesday_10-59-31-PM,tt_acc_3,tt_acc_3,SUCCESS,20
2026-05-06 23:19:08,17,Batch--2026-05-06-Wednesday_11-01-48-PM,tt_acc_0,tt_acc_0,SUCCESS,20
2026-05-06 23:46:29,13,Batch--2026-05-06-Wednesday_11-01-48-PM,tt_acc_0,tt_acc_0,SUCCESS,20
2026-05-06 23:30:26,16,Batch--2026-05-06-Wednesday_11-01-48-PM,tt_acc_0,tt_acc_0,SUCCESS,19
2026-05-06 23:38:09,12,Batch--2026-05-06-Wednesday_11-01-48-PM,tt_acc_0,tt_acc_0,SUCCESS,19
2026-05-06 23:41:48,14,Batch--2026-05-06-Wednesday_11-01-48-PM,tt_acc_0,tt_acc_0,SUCCESS,20
2026-05-07 00:10:03,19,Batch--2026-05-06-Wednesday_11-01-48-PM,tt_acc_0,tt_acc_0,SUCCESS,19
2026-05-06 23:17:04,0,Batch--2026-05-06-Wednesday_11-01-48-PM,tt_acc_0,tt_acc_0,SUCCESS,20
2026-05-06 23:15:28,5,Batch--2026-05-06-Wednesday_11-01-48-PM,tt_acc_5,tt_acc_5,SUCCESS,20
2026-05-06 23:51:23,6,Batch--2026-05-06-Wednesday_11-01-48-PM,tt_acc_6,tt_acc_6,SUCCESS,19
2026-05-06 23:17:39,9,Batch--2026-05-06-Wednesday_11-01-48-PM,tt_acc_9,tt_acc_9,SUCCESS,20
2026-05-06 23:33:49,7,Batch--2026-05-06-Wednesday_11-01-48-PM,tt_acc_7,tt_acc_7,SUCCESS,20
2026-05-06 23:29:25,8,Batch--2026-05-06-Wednesday_11-01-48-PM,tt_acc_8,tt_acc_8,SUCCESS,20
2026-05-06 23:20:59,1,Batch--2026-05-06-Wednesday_11-01-48-PM,tt_acc_1,tt_acc_1,SUCCESS,20
2026-05-07 00:01:28,10,Batch--2026-05-06-Wednesday_11-01-48-PM,tt_acc_0,tt_acc_0,SUCCESS,20
2026-05-06 23:43:36,18,Batch--2026-05-06-Wednesday_11-01-48-PM,tt_acc_0,tt_acc_0,SUCCESS,20
2026-05-06 23:25:39,11,Batch--2026-05-06-Wednesday_11-01-48-PM,tt_acc_0,tt_acc_0,SUCCESS,20
2026-05-06 23:50:22,4,Batch--2026-05-06-Wednesday_11-01-48-PM,tt_acc_4,tt_acc_4,SUCCESS,18
2026-05-06 23:26:52,2,Batch--2026-05-06-Wednesday_11-01-48-PM,tt_acc_2,tt_acc_2,SUCCESS,20
2026-05-07 00:07:59,15,Batch--2026-05-06-Wednesday_11-01-48-PM,tt_acc_0,tt_acc_0,SUCCESS,20
2026-05-06 23:49:01,3,Batch--2026-05-06-Wednesday_11-01-48-PM,tt_acc_3,tt_acc_3,SUCCESS,19
2026-05-07 10:08:25,0,Batch--2026-05-07-Thursday_09-56-54-AM,tt_acc_0,tt_acc_0,SUCCESS,23
2026-05-07 10:11:38,5,Batch--2026-05-07-Thursday_09-56-54-AM,tt_acc_5,tt_acc_5,SUCCESS,22
2026-05-07 10:12:27,6,Batch--2026-05-07-Thursday_09-56-54-AM,tt_acc_6,tt_acc_6,SUCCESS,22
2026-05-07 10:02:58,9,Batch--2026-05-07-Thursday_09-56-54-AM,tt_acc_9,tt_acc_9,SUCCESS,22
2026-05-07 10:11:58,7,Batch--2026-05-07-Thursday_09-56-54-AM,tt_acc_7,tt_acc_7,SUCCESS,22
2026-05-07 10:15:12,8,Batch--2026-05-07-Thursday_09-56-54-AM,tt_acc_8,tt_acc_8,SUCCESS,22
2026-05-07 10:13:25,1,Batch--2026-05-07-Thursday_09-56-54-AM,tt_acc_1,tt_acc_1,SUCCESS,23
2026-05-07 10:14:35,4,Batch--2026-05-07-Thursday_09-56-54-AM,tt_acc_4,tt_acc_4,SUCCESS,22
2026-05-07 10:12:51,2,Batch--2026-05-07-Thursday_09-56-54-AM,tt_acc_2,tt_acc_2,SUCCESS,23
2026-05-07 10:14:26,3,Batch--2026-05-07-Thursday_09-56-54-AM,tt_acc_3,tt_acc_3,SUCCESS,23
2026-05-08 15:54:33,0,Batch--2026-05-08-Friday_03-36-51-PM,tt_acc_0,tt_acc_0,SUCCESS,46
2026-05-08 15:54:01,5,Batch--2026-05-08-Friday_03-36-51-PM,tt_acc_5,tt_acc_5,SUCCESS,45
2026-05-08 15:52:27,6,Batch--2026-05-08-Friday_03-36-51-PM,tt_acc_6,tt_acc_6,SUCCESS,45
2026-05-08 15:55:02,9,Batch--2026-05-08-Friday_03-36-51-PM,tt_acc_9,tt_acc_9,SUCCESS,45
2026-05-08 15:53:28,7,Batch--2026-05-08-Friday_03-36-51-PM,tt_acc_7,tt_acc_7,SUCCESS,45
2026-05-08 15:57:57,8,Batch--2026-05-08-Friday_03-36-51-PM,tt_acc_8,tt_acc_8,SUCCESS,45
2026-05-08 15:46:38,1,Batch--2026-05-08-Friday_03-36-51-PM,tt_acc_1,tt_acc_1,SUCCESS,46
2026-05-08 15:45:01,4,Batch--2026-05-08-Friday_03-36-51-PM,tt_acc_4,tt_acc_4,SUCCESS,45
2026-05-08 15:51:07,2,Batch--2026-05-08-Friday_03-36-51-PM,tt_acc_2,tt_acc_2,SUCCESS,46
2026-05-08 15:51:22,3,Batch--2026-05-08-Friday_03-36-51-PM,tt_acc_3,tt_acc_3,SUCCESS,46
2026-05-08 22:11:53,0,Batch--2026-05-08-Friday_09-49-21-PM,tt_acc_0,tt_acc_0,SUCCESS,41
2026-05-08 22:16:24,5,Batch--2026-05-08-Friday_09-49-21-PM,tt_acc_5,tt_acc_5,SUCCESS,40
2026-05-08 21:58:17,6,Batch--2026-05-08-Friday_09-49-21-PM,tt_acc_6,tt_acc_6,SUCCESS,40
2026-05-08 22:07:20,9,Batch--2026-05-08-Friday_09-49-21-PM,tt_acc_9,tt_acc_9,SUCCESS,40
2026-05-08 22:08:25,7,Batch--2026-05-08-Friday_09-49-21-PM,tt_acc_7,tt_acc_7,SUCCESS,40
2026-05-08 22:11:40,8,Batch--2026-05-08-Friday_09-49-21-PM,tt_acc_8,tt_acc_8,SUCCESS,40
2026-05-08 22:13:02,1,Batch--2026-05-08-Friday_09-49-21-PM,tt_acc_1,tt_acc_1,SUCCESS,41
2026-05-08 22:09:55,4,Batch--2026-05-08-Friday_09-49-21-PM,tt_acc_4,tt_acc_4,SUCCESS,40
2026-05-08 22:07:42,2,Batch--2026-05-08-Friday_09-49-21-PM,tt_acc_2,tt_acc_2,SUCCESS,41
2026-05-08 22:06:12,3,Batch--2026-05-08-Friday_09-49-21-PM,tt_acc_3,tt_acc_3,SUCCESS,41
2026-05-09 13:40:41,0,Batch--2026-05-09-Saturday_01-34-47-PM,tt_acc_0,tt_acc_0,SUCCESS,14
2026-05-09 13:40:58,5,Batch--2026-05-09-Saturday_01-34-47-PM,tt_acc_5,tt_acc_5,SUCCESS,15
2026-05-09 13:55:38,6,Batch--2026-05-09-Saturday_01-34-47-PM,tt_acc_6,tt_acc_6,SUCCESS,15
2026-05-09 13:46:52,9,Batch--2026-05-09-Saturday_01-34-47-PM,tt_acc_9,tt_acc_9,SUCCESS,14
2026-05-09 13:45:54,7,Batch--2026-05-09-Saturday_01-34-47-PM,tt_acc_7,tt_acc_7,SUCCESS,14
2026-05-09 13:42:26,8,Batch--2026-05-09-Saturday_01-34-47-PM,tt_acc_8,tt_acc_8,SUCCESS,14
2026-05-09 13:41:48,1,Batch--2026-05-09-Saturday_01-34-47-PM,tt_acc_1,tt_acc_1,SUCCESS,15
2026-05-09 13:43:58,4,Batch--2026-05-09-Saturday_01-34-47-PM,tt_acc_4,tt_acc_4,SUCCESS,15
2026-05-09 13:42:56,2,Batch--2026-05-09-Saturday_01-34-47-PM,tt_acc_2,tt_acc_2,SUCCESS,15
2026-05-09 13:53:39,3,Batch--2026-05-09-Saturday_01-34-47-PM,tt_acc_3,tt_acc_3,SUCCESS,15
2026-05-11 02:04:11,0,Batch--2026-05-11-Monday_01-56-30-AM,tt_acc_0,tt_acc_0,SUCCESS,19
2026-05-11 02:03:29,5,Batch--2026-05-11-Monday_01-56-30-AM,tt_acc_5,tt_acc_5,SUCCESS,18
2026-05-11 02:03:32,6,Batch--2026-05-11-Monday_01-56-30-AM,tt_acc_6,tt_acc_6,SUCCESS,18
2026-05-11 02:01:58,9,Batch--2026-05-11-Monday_01-56-30-AM,tt_acc_9,tt_acc_9,SUCCESS,18
2026-05-11 02:01:40,7,Batch--2026-05-11-Monday_01-56-30-AM,tt_acc_7,tt_acc_7,SUCCESS,18
2026-05-11 02:01:56,8,Batch--2026-05-11-Monday_01-56-30-AM,tt_acc_8,tt_acc_8,SUCCESS,18
2026-05-11 02:08:34,1,Batch--2026-05-11-Monday_01-56-30-AM,tt_acc_1,tt_acc_1,SUCCESS,19
2026-05-11 02:11:33,4,Batch--2026-05-11-Monday_01-56-30-AM,tt_acc_4,tt_acc_4,SUCCESS,18
2026-05-11 02:11:56,2,Batch--2026-05-11-Monday_01-56-30-AM,tt_acc_2,tt_acc_2,SUCCESS,19
2026-05-11 02:04:53,3,Batch--2026-05-11-Monday_01-56-30-AM,tt_acc_3,tt_acc_3,SUCCESS,18
2026-05-12 01:34:52,17,Batch--2026-05-11-Monday_10-50-38-PM,tt_acc_17,tt_acc_17,SUCCESS,850
2026-05-12 01:26:37,13,Batch--2026-05-11-Monday_10-50-38-PM,tt_acc_13,tt_acc_13,SUCCESS,850
2026-05-12 01:37:30,16,Batch--2026-05-11-Monday_10-50-38-PM,tt_acc_16,tt_acc_16,SUCCESS,850
2026-05-12 01:25:24,12,Batch--2026-05-11-Monday_10-50-38-PM,tt_acc_12,tt_acc_12,SUCCESS,847
2026-05-12 01:03:19,14,Batch--2026-05-11-Monday_10-50-38-PM,tt_acc_14,tt_acc_14,SUCCESS,847
2026-05-12 01:53:28,19,Batch--2026-05-11-Monday_10-50-38-PM,tt_acc_19,tt_acc_19,SUCCESS,847
2026-05-12 01:42:11,0,Batch--2026-05-11-Monday_10-50-38-PM,tt_acc_0,tt_acc_0,SUCCESS,849
2026-05-12 01:18:18,5,Batch--2026-05-11-Monday_10-50-38-PM,tt_acc_5,tt_acc_5,SUCCESS,848
2026-05-12 01:38:33,6,Batch--2026-05-11-Monday_10-50-38-PM,tt_acc_6,tt_acc_6,SUCCESS,850
2026-05-12 01:38:41,9,Batch--2026-05-11-Monday_10-50-38-PM,tt_acc_9,tt_acc_9,SUCCESS,849
2026-05-12 01:40:33,7,Batch--2026-05-11-Monday_10-50-38-PM,tt_acc_7,tt_acc_7,SUCCESS,850
2026-05-12 01:29:48,8,Batch--2026-05-11-Monday_10-50-38-PM,tt_acc_8,tt_acc_8,SUCCESS,850
2026-05-12 01:58:49,1,Batch--2026-05-11-Monday_10-50-38-PM,tt_acc_1,tt_acc_1,SUCCESS,845
2026-05-12 01:36:16,10,Batch--2026-05-11-Monday_10-50-38-PM,tt_acc_10,tt_acc_10,SUCCESS,849
2026-05-12 01:27:30,18,Batch--2026-05-11-Monday_10-50-38-PM,tt_acc_18,tt_acc_18,SUCCESS,848
2026-05-12 01:59:30,11,Batch--2026-05-11-Monday_10-50-38-PM,tt_acc_11,tt_acc_11,SUCCESS,847
2026-05-12 01:51:46,4,Batch--2026-05-11-Monday_10-50-38-PM,tt_acc_4,tt_acc_4,SUCCESS,849
2026-05-12 01:56:25,2,Batch--2026-05-11-Monday_10-50-38-PM,tt_acc_2,tt_acc_2,SUCCESS,848
2026-05-12 01:24:43,15,Batch--2026-05-11-Monday_10-50-38-PM,tt_acc_15,tt_acc_15,SUCCESS,849
2026-05-12 01:44:24,3,Batch--2026-05-11-Monday_10-50-38-PM,tt_acc_3,tt_acc_3,SUCCESS,846
2026-05-12 15:45:19,17,Batch--2026-05-12-Tuesday_11-50-26-AM,tt_acc_17,tt_acc_17,SUCCESS,1046
2026-05-12 16:25:36,13,Batch--2026-05-12-Tuesday_11-50-26-AM,tt_acc_13,tt_acc_13,SUCCESS,1048
2026-05-12 15:27:11,16,Batch--2026-05-12-Tuesday_11-50-26-AM,tt_acc_16,tt_acc_16,SUCCESS,1048
2026-05-12 15:55:21,12,Batch--2026-05-12-Tuesday_11-50-26-AM,tt_acc_12,tt_acc_12,SUCCESS,1045
2026-05-12 15:45:54,14,Batch--2026-05-12-Tuesday_11-50-26-AM,tt_acc_14,tt_acc_14,SUCCESS,1045
2026-05-12 15:56:16,19,Batch--2026-05-12-Tuesday_11-50-26-AM,tt_acc_19,tt_acc_19,SUCCESS,1046
2026-05-12 15:51:41,0,Batch--2026-05-12-Tuesday_11-50-26-AM,tt_acc_0,tt_acc_0,SUCCESS,1046
2026-05-12 15:39:29,5,Batch--2026-05-12-Tuesday_11-50-26-AM,tt_acc_5,tt_acc_5,SUCCESS,1046
2026-05-12 15:36:46,6,Batch--2026-05-12-Tuesday_11-50-26-AM,tt_acc_6,tt_acc_6,SUCCESS,1045
2026-05-12 15:35:34,9,Batch--2026-05-12-Tuesday_11-50-26-AM,tt_acc_9,tt_acc_9,SUCCESS,1045
2026-05-12 15:34:02,7,Batch--2026-05-12-Tuesday_11-50-26-AM,tt_acc_7,tt_acc_7,SUCCESS,1046
2026-05-12 15:18:35,8,Batch--2026-05-12-Tuesday_11-50-26-AM,tt_acc_8,tt_acc_8,SUCCESS,1049
2026-05-12 15:31:58,1,Batch--2026-05-12-Tuesday_11-50-26-AM,tt_acc_1,tt_acc_1,SUCCESS,1043
2026-05-12 15:38:24,10,Batch--2026-05-12-Tuesday_11-50-26-AM,tt_acc_10,tt_acc_10,SUCCESS,1045
2026-05-12 15:34:48,18,Batch--2026-05-12-Tuesday_11-50-26-AM,tt_acc_18,tt_acc_18,SUCCESS,1047
2026-05-12 16:17:21,11,Batch--2026-05-12-Tuesday_11-50-26-AM,tt_acc_11,tt_acc_11,SUCCESS,1046
2026-05-12 16:25:05,4,Batch--2026-05-12-Tuesday_11-50-26-AM,tt_acc_4,tt_acc_4,SUCCESS,1048
2026-05-12 15:43:33,2,Batch--2026-05-12-Tuesday_11-50-26-AM,tt_acc_2,tt_acc_2,SUCCESS,1045
2026-05-12 15:16:37,15,Batch--2026-05-12-Tuesday_11-50-26-AM,tt_acc_15,tt_acc_15,SUCCESS,1047
2026-05-12 15:50:01,3,Batch--2026-05-12-Tuesday_11-50-26-AM,tt_acc_3,tt_acc_3,SUCCESS,1043
2026-05-13 00:43:57,0,Batch--2026-05-12-Tuesday_07-50-07-PM,tt_acc_0,tt_acc_0,SUCCESS,1030
2026-05-13 00:42:25,1,Batch--2026-05-12-Tuesday_07-50-07-PM,tt_acc_1,tt_acc_1,SUCCESS,1033
2026-05-13 00:47:59,4,Batch--2026-05-12-Tuesday_07-50-07-PM,tt_acc_4,tt_acc_4,SUCCESS,1030
2026-05-14 02:30:48,17,Batch--2026-05-13-Wednesday_11-02-27-PM,tt_acc_17,tt_acc_17,SUCCESS,516
2026-05-14 02:33:43,13,Batch--2026-05-13-Wednesday_11-02-27-PM,tt_acc_13,tt_acc_13,SUCCESS,518
2026-05-14 02:41:15,16,Batch--2026-05-13-Wednesday_11-02-27-PM,tt_acc_16,tt_acc_16,SUCCESS,517
2026-05-14 02:19:44,12,Batch--2026-05-13-Wednesday_11-02-27-PM,tt_acc_12,tt_acc_12,SUCCESS,509
2026-05-14 02:33:44,14,Batch--2026-05-13-Wednesday_11-02-27-PM,tt_acc_14,tt_acc_14,SUCCESS,517
2026-05-14 02:25:03,19,Batch--2026-05-13-Wednesday_11-02-27-PM,tt_acc_19,tt_acc_19,SUCCESS,515
2026-05-14 02:08:08,0,Batch--2026-05-13-Wednesday_11-02-27-PM,tt_acc_0,tt_acc_0,SUCCESS,511
2026-05-14 02:20:32,5,Batch--2026-05-13-Wednesday_11-02-27-PM,tt_acc_5,tt_acc_5,SUCCESS,522
2026-05-14 02:05:10,6,Batch--2026-05-13-Wednesday_11-02-27-PM,tt_acc_6,tt_acc_6,SUCCESS,518
2026-05-14 02:16:41,9,Batch--2026-05-13-Wednesday_11-02-27-PM,tt_acc_9,tt_acc_9,SUCCESS,514
2026-05-14 02:49:05,7,Batch--2026-05-13-Wednesday_11-02-27-PM,tt_acc_7,tt_acc_7,SUCCESS,512
2026-05-14 02:45:00,8,Batch--2026-05-13-Wednesday_11-02-27-PM,tt_acc_8,tt_acc_8,SUCCESS,513
2026-05-14 02:02:17,1,Batch--2026-05-13-Wednesday_11-02-27-PM,tt_acc_1,tt_acc_1,SUCCESS,513
2026-05-14 01:37:01,10,Batch--2026-05-13-Wednesday_11-02-27-PM,tt_acc_10,tt_acc_10,SUCCESS,515
2026-05-14 02:32:26,18,Batch--2026-05-13-Wednesday_11-02-27-PM,tt_acc_18,tt_acc_18,SUCCESS,519
2026-05-14 02:16:31,11,Batch--2026-05-13-Wednesday_11-02-27-PM,tt_acc_11,tt_acc_11,SUCCESS,515
2026-05-14 02:30:25,4,Batch--2026-05-13-Wednesday_11-02-27-PM,tt_acc_4,tt_acc_4,SUCCESS,509
2026-05-14 02:18:20,2,Batch--2026-05-13-Wednesday_11-02-27-PM,tt_acc_2,tt_acc_2,SUCCESS,514
2026-05-14 01:23:12,15,Batch--2026-05-13-Wednesday_11-02-27-PM,tt_acc_15,tt_acc_15,SUCCESS,513
2026-05-14 02:22:03,3,Batch--2026-05-13-Wednesday_11-02-27-PM,tt_acc_3,tt_acc_3,SUCCESS,517
2026-05-14 17:54:39,17,Batch--2026-05-14-Thursday_02-43-30-PM,tt_acc_17,tt_acc_17,SUCCESS,515
2026-05-14 18:07:31,13,Batch--2026-05-14-Thursday_02-43-30-PM,tt_acc_13,tt_acc_13,SUCCESS,514
2026-05-14 18:01:52,16,Batch--2026-05-14-Thursday_02-43-30-PM,tt_acc_16,tt_acc_16,SUCCESS,518
2026-05-14 18:16:44,12,Batch--2026-05-14-Thursday_02-43-30-PM,tt_acc_12,tt_acc_12,SUCCESS,514
2026-05-14 18:18:13,14,Batch--2026-05-14-Thursday_02-43-30-PM,tt_acc_14,tt_acc_14,SUCCESS,516
2026-05-14 18:09:43,19,Batch--2026-05-14-Thursday_02-43-30-PM,tt_acc_19,tt_acc_19,SUCCESS,517
2026-05-14 18:15:30,0,Batch--2026-05-14-Thursday_02-43-30-PM,tt_acc_0,tt_acc_0,SUCCESS,514
2026-05-14 17:40:33,5,Batch--2026-05-14-Thursday_02-43-30-PM,tt_acc_5,tt_acc_5,SUCCESS,514
2026-05-14 17:12:50,6,Batch--2026-05-14-Thursday_02-43-30-PM,tt_acc_6,tt_acc_6,SUCCESS,512
2026-05-14 18:15:48,9,Batch--2026-05-14-Thursday_02-43-30-PM,tt_acc_9,tt_acc_9,SUCCESS,517
2026-05-14 17:50:10,7,Batch--2026-05-14-Thursday_02-43-30-PM,tt_acc_7,tt_acc_7,SUCCESS,520
2026-05-14 18:36:59,8,Batch--2026-05-14-Thursday_02-43-30-PM,tt_acc_8,tt_acc_8,SUCCESS,514
2026-05-14 18:07:43,1,Batch--2026-05-14-Thursday_02-43-30-PM,tt_acc_1,tt_acc_1,SUCCESS,519
2026-05-14 17:54:37,10,Batch--2026-05-14-Thursday_02-43-30-PM,tt_acc_10,tt_acc_10,SUCCESS,521
2026-05-14 18:17:27,18,Batch--2026-05-14-Thursday_02-43-30-PM,tt_acc_18,tt_acc_18,SUCCESS,520
2026-05-14 18:11:01,11,Batch--2026-05-14-Thursday_02-43-30-PM,tt_acc_11,tt_acc_11,SUCCESS,518
2026-05-14 17:53:44,4,Batch--2026-05-14-Thursday_02-43-30-PM,tt_acc_4,tt_acc_4,SUCCESS,520
2026-05-14 18:01:31,2,Batch--2026-05-14-Thursday_02-43-30-PM,tt_acc_2,tt_acc_2,SUCCESS,516
2026-05-14 17:25:26,15,Batch--2026-05-14-Thursday_02-43-30-PM,tt_acc_15,tt_acc_15,SUCCESS,513
2026-05-14 18:19:13,3,Batch--2026-05-14-Thursday_02-43-30-PM,tt_acc_3,tt_acc_3,SUCCESS,523
2026-05-14 23:47:33,0,Batch--2026-05-14-Thursday_11-15-49-PM,tt_acc_0,tt_acc_0,SUCCESS,83
2026-05-15 00:06:53,5,Batch--2026-05-14-Thursday_11-15-49-PM,tt_acc_5,tt_acc_5,SUCCESS,84
2026-05-15 00:02:24,6,Batch--2026-05-14-Thursday_11-15-49-PM,tt_acc_6,tt_acc_6,SUCCESS,84
2026-05-14 23:52:34,9,Batch--2026-05-14-Thursday_11-15-49-PM,tt_acc_9,tt_acc_9,SUCCESS,82
2026-05-14 23:57:38,7,Batch--2026-05-14-Thursday_11-15-49-PM,tt_acc_7,tt_acc_7,SUCCESS,84
2026-05-14 23:45:21,8,Batch--2026-05-14-Thursday_11-15-49-PM,tt_acc_8,tt_acc_8,SUCCESS,84
2026-05-15 00:00:47,1,Batch--2026-05-14-Thursday_11-15-49-PM,tt_acc_1,tt_acc_1,SUCCESS,84
2026-05-15 00:04:55,4,Batch--2026-05-14-Thursday_11-15-49-PM,tt_acc_4,tt_acc_4,SUCCESS,83
2026-05-14 23:59:22,2,Batch--2026-05-14-Thursday_11-15-49-PM,tt_acc_2,tt_acc_2,SUCCESS,84
2026-05-14 23:48:37,3,Batch--2026-05-14-Thursday_11-15-49-PM,tt_acc_3,tt_acc_3,SUCCESS,84
